pop,Nucleotide diversity
HCU,0.002541765469887296
HEL,0.002113657910085508
HMA,0.0016301189982596696
