Species,tajimasD_sfs,int
H. curtus,-0.569187020479433,2
H. elegans,-0.4005057449241901,3
H. major,-0.531189900897296,1
