Comparison,Fst,Fst (weighted),nSites
HCU-HEL,0.24602,0.5413,903080921
HCU-HMA,0.28481,0.59914,596194886
HEL-HMA,0.33481,0.65358,683814834